AX1,AX2,AY1,AY2,AZ1,AZ2,P0,P1,P10,P11,P2,P3,P4,P5,P6,P7,P8,P9,active,changes,encB,encT,j,k,pitch,roll,time
0.34,0.18,0.02,-0.28,0.95,0.94,0.8,1.0,1.0,1.0,1.0,1.0,1.0,1.0,1.0,1.0,1.0,1.0,0.0,0.0,0.0,0.0,1.0,1.0,-0.02,-0.34,15.52
0.34,0.18,0.02,-0.28,0.95,0.94,0.8,1.0,1.0,1.0,1.0,1.0,1.0,1.0,1.0,1.0,1.0,1.0,0.0,0.0,0.0,0.0,1.0,1.0,-0.02,-0.34,15.62
0.34,0.18,0.02,-0.28,0.95,0.94,0.8,1.0,1.0,1.0,1.0,1.0,1.0,1.0,1.0,1.0,1.0,1.0,0.0,0.0,0.0,0.0,1.0,1.0,-0.02,-0.34,15.71
0.34,0.18,0.02,-0.28,0.95,0.94,0.8,1.0,1.0,1.0,1.0,1.0,1.0,1.0,1.0,1.0,1.0,1.0,0.0,0.0,0.0,0.0,1.0,1.0,-0.02,-0.34,15.81
0.34,0.18,0.02,-0.28,0.95,0.94,0.8,1.0,1.0,1.0,1.0,1.0,1.0,1.0,1.0,1.0,1.0,1.0,0.0,0.0,0.0,0.0,1.0,1.0,-0.02,-0.34,15.9
0.34,0.18,0.02,-0.28,0.95,0.94,0.8,1.0,1.0,1.0,1.0,1.0,1.0,1.0,1.0,1.0,1.0,1.0,0.0,0.0,0.0,0.0,1.0,1.0,-0.02,-0.34,16.0
0.34,0.18,0.02,-0.28,0.95,0.94,0.8,1.0,1.0,1.0,1.0,1.0,1.0,1.0,1.0,1.0,1.0,1.0,0.0,0.0,0.0,0.0,1.0,1.0,-0.02,-0.34,16.09
0.34,0.18,0.02,-0.28,0.95,0.94,0.8,1.0,1.0,1.0,1.0,1.0,1.0,1.0,1.0,1.0,1.0,1.0,0.0,0.0,0.0,0.0,1.0,1.0,-0.02,-0.34,16.19
0.34,0.18,0.02,-0.28,0.95,0.94,0.8,1.0,1.0,1.0,1.0,1.0,1.0,1.0,1.0,1.0,1.0,1.0,0.0,0.0,0.0,0.0,1.0,1.0,-0.02,-0.34,16.29
0.34,0.18,0.02,-0.28,0.95,0.94,0.8,1.0,1.0,1.0,1.0,1.0,1.0,1.0,1.0,1.0,1.0,1.0,0.0,0.0,0.0,0.0,1.0,1.0,-0.02,-0.34,16.38
0.34,0.18,0.02,-0.28,0.95,0.94,0.8,1.0,1.0,1.0,1.0,1.0,1.0,1.0,1.0,1.0,1.0,1.0,0.0,0.0,0.0,0.0,1.0,1.0,-0.02,-0.34,16.48
0.34,0.18,0.02,-0.28,0.95,0.94,0.8,1.0,1.0,1.0,1.0,1.0,1.0,1.0,1.0,1.0,1.0,1.0,0.0,0.0,0.0,0.0,1.0,1.0,-0.02,-0.34,16.57
0.34,0.17,0.02,-0.28,0.95,0.94,0.8,1.0,1.0,1.0,1.0,1.0,1.0,1.0,1.0,1.0,1.0,1.0,0.0,0.0,0.0,0.0,1.0,1.0,-0.02,-0.34,16.67
0.34,0.18,0.02,-0.28,0.95,0.94,0.8,1.0,1.0,1.0,1.0,1.0,1.0,1.0,1.0,1.0,1.0,1.0,0.0,0.0,0.0,0.0,1.0,1.0,-0.02,-0.34,16.77
0.34,0.18,0.02,-0.28,0.95,0.94,0.8,1.0,1.0,1.0,1.0,1.0,1.0,1.0,1.0,1.0,1.0,1.0,0.0,0.0,0.0,0.0,1.0,1.0,-0.02,-0.34,16.86
0.34,0.18,0.02,-0.28,0.95,0.94,0.8,1.0,1.0,1.0,1.0,1.0,1.0,1.0,1.0,1.0,1.0,1.0,0.0,0.0,0.0,0.0,1.0,1.0,-0.02,-0.34,16.96
0.34,0.18,0.02,-0.28,0.95,0.94,0.8,1.0,1.0,1.0,1.0,1.0,1.0,1.0,1.0,1.0,1.0,1.0,0.0,0.0,0.0,0.0,1.0,1.0,-0.02,-0.34,17.05
0.35,0.18,0.02,-0.29,0.97,0.95,0.8,1.0,1.0,1.0,1.0,1.0,1.0,1.0,1.0,1.0,1.0,1.0,0.0,0.0,0.0,0.0,1.0,1.0,-0.02,-0.34,17.15
0.29,0.17,0.03,-0.28,0.97,0.96,0.8,1.0,1.0,1.0,1.0,1.0,1.0,1.0,1.0,1.0,1.0,1.0,0.0,0.0,0.0,0.0,1.0,1.0,-0.02,-0.33,17.25
0.17,0.14,0.04,-0.17,1.0,0.98,0.8,1.0,1.0,1.0,1.0,1.0,1.0,1.0,1.0,1.0,1.0,1.0,0.0,0.0,0.0,0.0,1.0,1.0,-0.03,-0.28,17.34
0.15,0.01,-0.04,-0.14,0.97,0.98,0.8,1.0,1.0,1.0,1.0,1.0,1.0,1.0,1.0,1.0,1.0,1.0,0.0,0.0,0.0,0.0,1.0,1.0,-0.02,-0.22,17.44
0.1,-0.02,-0.04,-0.08,1.01,1.01,0.8,1.0,1.0,1.0,1.0,1.0,1.0,1.0,1.0,1.0,1.0,1.0,0.0,0.0,0.0,0.0,1.0,1.0,0.0,-0.17,17.53
0.09,0.05,0.04,-0.04,0.98,0.99,0.8,1.0,1.0,1.0,1.0,1.0,1.0,1.0,1.0,1.0,1.0,1.0,0.0,0.0,0.0,0.0,1.0,1.0,0.0,-0.12,17.63
0.13,0.11,0.08,-0.05,0.98,0.98,0.8,1.0,1.0,1.0,1.0,1.0,1.0,1.0,1.0,1.0,1.0,1.0,0.0,0.0,0.0,0.0,1.0,1.0,-0.01,-0.11,17.72
0.01,0.01,0.01,-0.0,1.01,1.01,0.8,1.0,1.0,1.0,1.0,1.0,1.0,1.0,1.0,1.0,1.0,1.0,0.0,0.0,0.0,0.0,1.0,1.0,-0.02,-0.08,17.82
-0.02,-0.0,0.01,0.02,1.0,1.0,0.8,1.0,1.0,1.0,1.0,1.0,1.0,1.0,1.0,1.0,1.0,1.0,0.0,0.0,0.0,0.0,1.0,1.0,-0.02,-0.05,17.92
-0.04,-0.01,0.01,0.04,0.99,1.0,0.8,1.0,1.0,1.0,1.0,1.0,1.0,1.0,1.0,1.0,1.0,1.0,0.0,0.0,0.0,0.0,1.0,1.0,-0.01,-0.02,18.01
-0.0,0.0,0.01,0.01,1.01,1.01,0.8,1.0,1.0,1.0,1.0,1.0,1.0,1.0,1.0,1.0,1.0,1.0,0.0,0.0,0.0,0.0,1.0,1.0,-0.01,-0.01,18.11
-0.01,0.01,0.02,0.02,1.0,1.01,0.8,1.0,1.0,1.0,1.0,1.0,1.0,1.0,1.0,1.0,1.0,1.0,0.0,0.0,0.0,0.0,1.0,1.0,-0.01,-0.0,18.2
-0.01,-0.02,0.01,0.0,1.01,1.01,0.8,1.0,1.0,1.0,1.0,1.0,1.0,1.0,1.0,1.0,1.0,1.0,0.0,0.0,0.0,0.0,1.0,1.0,-0.01,-0.0,18.3
-0.0,0.01,0.01,0.01,1.01,1.01,0.8,1.0,1.0,1.0,1.0,1.0,1.0,1.0,1.0,1.0,1.0,1.0,0.0,0.0,0.0,0.0,1.0,1.0,-0.01,0.0,18.39
-0.02,-0.0,0.01,0.02,1.0,1.0,0.8,1.0,1.0,1.0,1.0,1.0,1.0,1.0,1.0,1.0,1.0,1.0,0.0,0.0,0.0,0.0,1.0,1.0,-0.01,0.01,18.49
-0.02,-0.01,0.01,0.03,1.0,1.0,0.8,1.0,1.0,1.0,1.0,1.0,1.0,1.0,1.0,1.0,1.0,1.0,0.0,0.0,0.0,0.0,1.0,1.0,-0.01,0.01,18.59
-0.01,-0.0,0.01,0.02,1.0,1.0,0.8,1.0,1.0,1.0,1.0,1.0,1.0,1.0,1.0,1.0,1.0,1.0,0.0,0.0,0.0,0.0,1.0,1.0,-0.01,0.01,18.68
-0.0,0.0,0.01,0.01,1.01,1.01,0.8,1.0,1.0,1.0,1.0,1.0,1.0,1.0,1.0,1.0,1.0,1.0,0.0,0.0,0.0,0.0,1.0,1.0,-0.01,0.01,18.78
-0.0,0.0,0.01,0.01,1.0,1.01,0.8,1.0,1.0,1.0,1.0,1.0,1.0,1.0,1.0,1.0,1.0,1.0,0.0,0.0,0.0,0.0,1.0,1.0,-0.01,0.01,18.87
0.0,0.0,0.01,0.01,1.01,1.01,0.8,1.0,1.0,1.0,1.0,1.0,1.0,1.0,1.0,1.0,1.0,1.0,0.0,0.0,0.0,0.0,1.0,1.0,-0.01,0.01,18.97
-0.0,0.0,0.01,0.01,1.01,1.01,0.8,1.0,1.0,1.0,1.0,1.0,1.0,1.0,1.0,1.0,1.0,1.0,0.0,0.0,0.0,0.0,1.0,1.0,-0.01,0.01,19.07
-0.01,0.0,0.01,0.01,1.0,1.01,0.8,1.0,1.0,1.0,1.0,1.0,1.0,1.0,1.0,1.0,1.0,1.0,0.0,0.0,0.0,0.0,1.0,1.0,-0.01,0.01,19.16
0.0,0.0,0.01,0.01,1.01,1.01,0.8,1.0,1.0,1.0,1.0,1.0,1.0,1.0,1.0,1.0,1.0,1.0,0.0,0.0,0.0,0.0,1.0,1.0,-0.01,0.0,19.26
0.0,0.01,0.01,0.01,1.0,1.01,0.8,1.0,1.0,1.0,1.0,1.0,1.0,1.0,1.0,1.0,1.0,1.0,0.0,0.0,0.0,0.0,1.0,1.0,-0.01,0.0,19.35
-0.0,0.0,0.01,0.01,1.0,1.01,0.8,1.0,1.0,1.0,1.0,1.0,1.0,1.0,1.0,1.0,1.0,1.0,0.0,0.0,0.0,0.0,1.0,1.0,-0.01,0.0,19.45
0.0,0.0,0.01,0.01,1.0,1.01,0.8,1.0,1.0,1.0,1.0,1.0,1.0,1.0,1.0,1.0,1.0,1.0,0.0,0.0,0.0,0.0,1.0,1.0,-0.01,0.0,19.54
0.0,0.01,0.01,0.01,1.0,1.01,0.8,1.0,1.0,1.0,1.0,1.0,1.0,1.0,1.0,1.0,1.0,1.0,0.0,0.0,0.0,0.0,1.0,1.0,-0.01,0.0,19.64
0.0,0.01,0.01,0.0,1.0,1.01,0.8,1.0,1.0,1.0,1.0,1.0,1.0,1.0,1.0,1.0,1.0,1.0,0.0,0.0,0.0,0.0,1.0,1.0,-0.01,-0.0,19.74
0.0,0.01,0.01,0.01,1.0,1.01,0.8,1.0,1.0,1.0,1.0,1.0,1.0,1.0,1.0,1.0,1.0,1.0,0.0,0.0,0.0,0.0,1.0,1.0,-0.01,0.0,19.83
-0.0,0.0,0.01,0.01,1.0,1.01,0.8,1.0,1.0,1.0,1.0,1.0,1.0,1.0,1.0,1.0,1.0,1.0,0.0,0.0,0.0,0.0,1.0,1.0,-0.01,0.0,19.93
-0.0,0.0,0.01,0.01,1.0,1.01,0.8,1.0,1.0,1.0,1.0,1.0,1.0,1.0,1.0,1.0,1.0,1.0,0.0,0.0,0.0,0.0,1.0,1.0,-0.01,0.0,20.02
-0.01,-0.0,0.01,0.02,1.0,1.01,0.8,1.0,1.0,1.0,1.0,1.0,1.0,1.0,1.0,1.0,1.0,1.0,0.0,0.0,0.0,0.0,1.0,1.0,-0.01,0.01,20.12
-0.0,0.0,0.01,0.01,1.0,1.01,0.8,1.0,1.0,1.0,1.0,1.0,1.0,1.0,1.0,1.0,1.0,1.0,0.0,0.0,0.0,0.0,1.0,1.0,-0.01,0.01,20.21
-0.0,0.0,0.01,0.01,1.01,1.01,0.8,1.0,1.0,1.0,1.0,1.0,1.0,1.0,1.0,1.0,1.0,1.0,0.0,0.0,0.0,0.0,1.0,1.0,-0.01,0.01,20.31
-0.02,-0.0,0.01,0.02,1.0,1.01,0.8,1.0,1.0,1.0,1.0,1.0,1.0,1.0,1.0,1.0,1.0,1.0,0.0,0.0,0.0,0.0,1.0,1.0,-0.01,0.01,20.41
-0.04,-0.02,0.01,0.04,1.0,1.0,0.8,1.0,1.0,1.0,1.0,1.0,1.0,1.0,1.0,1.0,1.0,1.0,0.0,0.0,0.0,0.0,1.0,1.0,-0.01,0.02,20.5
-0.05,-0.02,0.01,0.05,1.0,1.01,0.8,1.0,1.0,1.0,1.0,1.0,1.0,1.0,1.0,1.0,1.0,1.0,0.0,0.0,0.0,0.0,1.0,1.0,-0.01,0.03,20.6
-0.06,-0.02,0.01,0.05,1.0,1.0,0.8,1.0,1.0,1.0,1.0,1.0,1.0,1.0,1.0,1.0,1.0,1.0,0.0,0.0,0.0,0.0,1.0,1.0,-0.01,0.04,20.69
-0.06,-0.03,0.01,0.06,0.99,1.0,0.8,1.0,1.0,1.0,1.0,1.0,1.0,1.0,1.0,1.0,1.0,1.0,0.0,0.0,0.0,0.0,1.0,1.0,-0.01,0.05,20.79
-0.02,-0.0,0.01,0.02,1.0,1.0,0.8,1.0,1.0,1.0,1.0,1.0,1.0,1.0,1.0,1.0,1.0,1.0,0.0,0.0,0.0,0.0,1.0,1.0,-0.0,0.01,0.09
-0.02,-0.01,0.01,0.02,1.0,1.01,0.8,1.0,1.0,1.0,1.0,1.0,1.0,1.0,1.0,1.0,1.0,1.0,0.0,0.0,0.0,0.0,1.0,1.0,-0.0,0.01,0.18
-0.03,-0.01,0.01,0.03,1.0,1.01,0.8,1.0,1.0,1.0,1.0,1.0,1.0,1.0,1.0,1.0,1.0,1.0,0.0,0.0,0.0,0.0,1.0,1.0,-0.01,0.02,0.28
-0.03,-0.01,0.01,0.04,1.0,1.01,0.8,1.0,1.0,1.0,1.0,1.0,1.0,1.0,1.0,1.0,1.0,1.0,0.0,0.0,0.0,0.0,1.0,1.0,-0.01,0.02,0.37
-0.03,-0.01,0.01,0.04,1.0,1.01,0.8,1.0,1.0,1.0,1.0,1.0,1.0,1.0,1.0,1.0,1.0,1.0,0.0,0.0,0.0,0.0,1.0,1.0,-0.01,0.03,0.47
-0.03,-0.01,0.01,0.04,1.0,1.01,0.8,1.0,1.0,1.0,1.0,1.0,1.0,1.0,1.0,1.0,1.0,1.0,0.0,0.0,0.0,0.0,1.0,1.0,-0.01,0.03,0.56
-0.03,-0.01,0.01,0.04,1.0,1.0,0.8,1.0,1.0,1.0,1.0,1.0,1.0,1.0,1.0,1.0,1.0,1.0,0.0,0.0,0.0,0.0,1.0,1.0,-0.01,0.03,0.66
-0.02,-0.01,0.01,0.03,1.0,1.01,0.8,1.0,1.0,1.0,1.0,1.0,1.0,1.0,1.0,1.0,1.0,1.0,0.0,0.0,0.0,0.0,1.0,1.0,-0.01,0.03,0.76
-0.02,-0.01,0.01,0.03,1.0,1.01,0.8,1.0,1.0,1.0,1.0,1.0,1.0,1.0,1.0,1.0,1.0,1.0,0.0,0.0,0.0,0.0,1.0,1.0,-0.01,0.03,0.85
-0.01,-0.0,0.01,0.02,1.0,1.01,0.8,1.0,1.0,1.0,1.0,1.0,1.0,1.0,1.0,1.0,1.0,1.0,0.0,0.0,0.0,0.0,1.0,1.0,-0.01,0.02,0.95
-0.0,0.0,0.01,0.01,1.0,1.01,0.8,1.0,1.0,1.0,1.0,1.0,1.0,1.0,1.0,1.0,1.0,1.0,0.0,0.0,0.0,0.0,1.0,1.0,-0.01,0.02,1.04
0.01,0.01,0.01,0.0,1.01,1.01,0.8,1.0,1.0,1.0,1.0,1.0,1.0,1.0,1.0,1.0,1.0,1.0,0.0,0.0,0.0,0.0,1.0,1.0,-0.01,0.01,1.14
0.01,0.01,0.01,-0.0,1.0,1.01,0.8,1.0,1.0,1.0,1.0,1.0,1.0,1.0,1.0,1.0,1.0,1.0,0.0,0.0,0.0,0.0,1.0,1.0,-0.01,0.0,1.23
0.0,0.01,0.01,0.0,1.0,1.01,0.8,1.0,1.0,1.0,1.0,1.0,1.0,1.0,1.0,1.0,1.0,1.0,0.0,0.0,0.0,0.0,1.0,1.0,-0.01,0.0,1.33
-0.0,0.0,0.01,0.01,1.0,1.01,0.8,1.0,1.0,1.0,1.0,1.0,1.0,1.0,1.0,1.0,1.0,1.0,0.0,0.0,0.0,0.0,1.0,1.0,-0.01,0.0,1.43
-0.0,0.0,0.01,0.01,1.0,1.0,0.8,1.0,1.0,1.0,1.0,1.0,1.0,1.0,1.0,1.0,1.0,1.0,0.0,0.0,0.0,0.0,1.0,1.0,-0.01,0.0,1.52
-0.0,0.0,0.01,0.01,1.0,1.01,0.8,1.0,1.0,1.0,1.0,1.0,1.0,1.0,1.0,1.0,1.0,1.0,0.0,0.0,0.0,0.0,1.0,1.0,-0.01,0.0,1.62
0.01,0.01,0.01,0.0,1.01,1.01,0.8,1.0,1.0,1.0,1.0,1.0,1.0,1.0,1.0,1.0,1.0,1.0,0.0,0.0,0.0,0.0,1.0,1.0,-0.01,0.0,1.71
0.0,0.01,0.01,0.01,1.0,1.01,0.8,1.0,1.0,1.0,1.0,1.0,1.0,1.0,1.0,1.0,1.0,1.0,0.0,0.0,0.0,0.0,1.0,1.0,-0.01,-0.0,1.81
-0.0,0.0,0.01,0.01,1.0,1.01,0.8,1.0,1.0,1.0,1.0,1.0,1.0,1.0,1.0,1.0,1.0,1.0,0.0,0.0,0.0,0.0,1.0,1.0,-0.01,0.0,1.9
-0.01,-0.0,0.01,0.02,1.0,1.0,0.8,1.0,1.0,1.0,1.0,1.0,1.0,1.0,1.0,1.0,1.0,1.0,0.0,0.0,0.0,0.0,1.0,1.0,-0.01,0.01,2.0
-0.0,0.0,0.01,0.01,1.0,1.01,0.8,1.0,1.0,1.0,1.0,1.0,1.0,1.0,1.0,1.0,1.0,1.0,0.0,0.0,0.0,0.0,1.0,1.0,-0.01,0.01,2.1
-0.0,0.0,0.01,0.01,1.0,1.01,0.8,1.0,1.0,1.0,1.0,1.0,1.0,1.0,1.0,1.0,1.0,1.0,0.0,0.0,0.0,0.0,1.0,1.0,-0.01,0.01,2.19
-0.0,0.0,0.01,0.01,1.0,1.01,0.8,1.0,1.0,1.0,1.0,1.0,1.0,1.0,1.0,1.0,1.0,1.0,0.0,0.0,0.0,0.0,1.0,1.0,-0.01,0.0,2.29
0.0,0.01,0.01,0.01,1.0,1.01,2.33,2.92,2.91,2.89,2.94,2.93,2.94,2.94,2.94,2.94,2.92,2.92,1.0,0.1,0.0,0.0,22.0,1.0,-0.01,0.0,2.57
0.01,0.01,0.01,-0.0,1.0,1.0,15.98,19.26,17.9,16.22,23.93,23.47,24.01,24.01,24.05,18.9,13.95,22.69,1.0,0.16,1.29,0.0,61.0,1.0,-0.01,-0.01,3.04
-0.01,0.0,0.01,0.01,1.0,1.01,56.66,58.54,62.11,56.63,92.51,79.41,93.79,93.75,94.23,71.97,44.26,52.56,1.0,0.17,1.97,0.0,102.0,1.0,-0.01,0.0,3.52
-0.01,0.0,0.01,0.02,1.0,1.01,49.02,54.17,58.45,52.19,91.02,63.93,93.39,93.34,93.83,71.56,41.09,42.24,1.0,0.04,1.97,0.0,143.0,1.0,-0.01,0.01,4.02
-0.03,-0.01,0.01,0.03,1.01,1.01,42.03,52.76,56.07,50.08,89.57,56.85,92.59,92.4,93.44,70.3,34.72,34.98,1.0,0.11,1.55,0.0,184.0,1.0,-0.01,0.01,4.51
-0.03,-0.01,0.01,0.04,1.0,1.01,30.91,47.85,46.24,48.11,87.37,52.13,90.85,90.41,93.05,23.51,28.19,27.6,1.0,0.13,4.06,0.0,224.0,1.0,-0.01,0.02,5.0
-0.04,-0.01,0.01,0.04,1.0,1.02,12.22,18.88,41.9,40.02,84.59,48.49,68.98,60.15,92.66,20.67,21.26,21.11,1.0,0.33,1.76,0.0,264.0,1.0,-0.01,0.03,5.5
-0.01,0.0,0.01,0.02,1.01,1.01,210.95,25.62,29.22,24.68,49.5,32.96,64.0,36.32,54.49,14.35,11.26,11.79,1.0,21.79,5.44,0.0,293.0,13.0,-0.01,0.02,5.99
-0.02,-0.01,-0.01,0.02,1.02,1.0,80.85,-44.93,38.04,35.52,65.27,36.43,52.68,54.34,91.49,21.06,12.99,14.54,1.0,0.25,4.04,0.03,328.0,1.0,-0.01,0.02,6.48
-0.01,-0.01,0.01,0.01,1.0,1.0,-101.99,-530.15,-21.57,-21.18,11.57,-79.37,-210.82,-28.13,28.53,5.27,-60.99,-7.9,1.0,165.87,2.07,0.03,346.0,15.0,-0.01,0.01,6.98
0.0,0.0,0.01,0.01,1.01,1.0,63.51,67.54,29.25,30.21,42.26,37.48,67.67,43.04,59.52,13.51,20.37,10.39,1.0,0.36,6.13,0.03,363.0,1.0,-0.01,0.01,7.47
-0.01,0.0,0.01,0.02,1.0,1.01,80.55,83.62,41.59,44.49,63.48,50.45,90.89,63.35,90.31,20.17,27.81,12.52,1.0,0.26,5.03,0.03,404.0,1.0,-0.01,0.01,7.96
-0.03,-0.01,0.0,0.03,1.02,1.02,65.64,88.85,45.38,47.88,66.23,55.17,98.67,69.03,92.3,21.89,29.63,12.66,1.0,0.2,3.65,0.16,445.0,1.0,-0.01,0.02,8.45
-0.03,-0.02,0.01,0.04,1.0,1.0,58.58,31.0,47.35,48.29,69.08,57.93,87.08,70.69,93.9,23.57,26.12,12.66,1.0,0.58,0.93,0.21,486.0,1.0,-0.01,0.03,8.94
0.01,0.01,0.01,0.0,1.01,1.01,47.75,15.73,45.65,46.17,66.96,55.34,78.76,68.56,84.66,22.76,24.36,11.75,1.0,0.4,4.52,0.28,527.0,1.0,-0.01,0.02,9.44
-0.01,-0.0,0.01,0.02,1.0,1.0,-49.99,-33.95,34.7,34.77,51.58,40.8,47.61,51.49,37.5,17.64,15.55,8.44,1.0,0.45,2.06,1.09,568.0,1.0,-0.01,0.02,9.93
-0.02,-0.01,0.01,0.02,1.0,1.01,-119.62,-31.14,6.52,6.43,9.94,8.1,2.45,8.92,-27.54,3.15,2.05,1.5,1.0,9.29,5.57,1.09,592.0,18.0,-0.01,0.02,10.44
-0.03,-0.01,0.01,0.03,1.01,1.01,-95.21,-20.45,1.57,1.5,2.5,2.16,-2.91,1.74,-29.01,0.67,0.02,0.31,1.0,0.08,2.88,1.54,605.0,1.0,-0.01,0.02,10.94
-0.03,-0.01,0.01,0.03,1.0,1.01,70.44,12.96,1.15,1.21,1.6,1.16,5.57,2.19,25.24,0.69,1.05,0.34,1.0,52.04,6.24,1.56,614.0,33.0,-0.01,0.03,11.44
-0.02,-0.01,0.01,0.03,1.0,1.0,73.46,5.25,7.2,7.21,10.63,8.38,14.31,11.28,36.6,3.85,3.67,1.8,1.0,3.33,3.48,2.08,614.0,74.0,-0.01,0.03,11.91
-0.01,-0.0,0.01,0.02,1.0,1.0,85.86,-20.33,24.23,24.27,36.75,28.25,36.57,36.36,60.26,12.66,11.02,5.93,1.0,0.91,0.65,2.28,645.0,1.0,-0.01,0.02,12.39
-0.0,0.0,0.01,0.02,1.0,1.01,64.26,-83.0,33.45,35.88,40.95,38.06,39.96,52.52,18.59,18.53,13.92,7.84,1.0,0.54,4.09,2.41,684.0,1.0,-0.01,0.02,12.88
0.01,0.0,0.01,-0.0,1.0,1.01,27.18,90.39,14.89,10.42,14.13,15.21,48.95,21.96,17.01,7.11,8.62,3.65,1.0,4.4,1.18,3.22,699.0,27.0,-0.01,0.01,13.38
0.0,0.0,0.01,0.01,1.0,1.0,-9.95,64.54,39.29,35.69,42.33,41.98,82.05,60.1,11.86,19.51,20.22,9.34,1.0,0.4,4.77,3.7,723.0,1.0,-0.01,0.01,13.86
0.0,0.0,0.01,0.01,1.0,1.01,-468.32,12.89,9.75,-9.5,-8.05,-64.72,15.61,13.66,-45.44,-0.35,-5.17,1.49,1.0,40.78,1.93,0.54,744.0,20.0,-0.01,0.01,14.37
-0.01,0.0,0.01,0.02,1.0,1.01,98.18,3.67,1.79,5.75,5.94,19.09,3.9,2.55,11.22,1.94,3.29,0.61,1.0,0.66,5.3,1.97,765.0,1.0,-0.01,0.01,14.87
-0.03,-0.01,0.01,0.04,1.01,1.01,78.35,5.25,3.02,6.09,6.53,16.89,6.13,4.27,9.21,2.36,3.46,0.85,1.0,14.1,2.49,5.13,785.0,11.0,-0.01,0.02,15.36
-0.06,-0.03,0.01,0.06,1.0,1.01,38.75,18.96,23.89,25.97,29.95,34.75,40.9,34.06,20.6,11.83,15.06,5.88,1.0,0.35,5.87,6.28,812.0,1.0,-0.01,0.04,15.84
-0.04,-0.02,0.0,0.04,1.01,1.0,-42.29,6.91,34.96,36.68,39.18,40.3,55.32,50.71,27.15,16.07,21.94,8.6,1.0,0.05,2.89,0.95,853.0,1.0,-0.01,0.04,16.33
-0.04,-0.02,0.01,0.04,1.0,1.01,43.5,5.99,34.55,37.67,42.79,50.65,55.57,50.0,29.62,16.48,22.08,8.47,1.0,0.17,6.15,1.25,875.0,1.0,-0.01,0.04,16.82
-0.03,-0.01,0.01,0.03,1.0,1.0,30.41,-0.18,37.6,40.5,46.32,54.56,60.81,54.73,19.95,17.98,23.67,9.08,1.0,0.62,3.12,2.18,916.0,1.0,-0.01,0.04,17.31
0.02,0.01,0.01,-0.01,1.01,1.01,189.34,-14.23,8.96,16.19,18.32,38.68,15.9,13.42,-8.64,7.04,8.31,2.28,1.0,2.86,0.06,2.66,931.0,5.0,-0.01,0.02,17.81
-0.0,0.0,0.01,0.01,1.0,1.01,98.94,64.56,7.52,8.73,13.93,35.86,18.2,9.87,70.99,4.35,5.88,1.85,1.0,18.23,3.46,5.15,936.0,6.0,-0.01,0.01,18.31
-0.0,0.0,0.01,0.01,1.0,1.0,97.0,18.97,7.42,9.5,14.24,33.12,15.55,10.35,8.27,4.86,4.87,1.7,1.0,1.57,0.51,1.91,968.0,1.0,-0.01,0.01,18.8
0.0,0.01,0.01,0.01,1.0,1.01,96.86,12.2,8.69,11.17,15.55,34.1,16.99,12.18,2.29,5.5,5.8,2.02,1.0,0.04,3.89,4.94,1008.0,1.0,-0.01,0.01,19.29
-0.01,0.0,0.01,0.01,0.99,1.01,91.04,11.32,8.61,10.89,15.02,33.39,16.51,12.08,1.36,5.32,5.68,1.99,1.0,0.13,0.95,2.8,1049.0,1.0,-0.01,0.01,19.79
-0.03,-0.01,0.01,0.03,1.0,1.01,21.76,3.18,16.95,17.99,20.7,30.2,26.75,24.45,-1.01,7.89,10.9,4.12,1.0,8.3,4.31,6.1,1081.0,10.0,-0.01,0.02,20.28
-0.03,-0.01,0.01,0.04,1.0,1.01,93.45,6.6,4.2,6.82,10.11,24.71,9.53,5.82,-0.55,3.53,3.13,0.94,1.0,7.57,1.23,3.76,1084.0,27.0,-0.01,0.03,20.78
-0.05,-0.02,0.01,0.05,0.99,1.0,-122.42,-20.76,22.16,22.29,20.97,-3.64,29.44,32.44,-11.3,8.29,14.52,5.56,1.0,4.68,4.63,6.06,1084.0,68.0,-0.01,0.03,21.25
-0.01,0.0,0.01,0.02,1.0,1.0,90.78,7.52,2.77,4.99,7.54,24.43,7.44,3.67,0.02,2.89,2.15,0.6,1.0,10.51,1.51,3.4,1095.0,27.0,-0.01,0.02,21.76
0.0,0.0,0.01,0.01,1.01,1.0,91.51,4.19,9.8,12.91,15.73,35.54,18.22,13.62,-3.05,6.35,6.92,2.32,1.0,3.54,4.92,6.22,1109.0,7.0,-0.01,0.01,22.24
0.03,0.02,0.01,-0.01,1.02,1.03,149.27,19.5,4.96,7.86,13.85,40.56,12.48,6.13,1.45,4.64,3.21,1.0,1.0,0.14,1.96,5.14,1116.0,1.0,-0.01,0.01,22.74
0.0,0.0,0.01,0.01,0.99,1.0,90.32,11.91,6.13,8.25,12.21,30.18,12.51,8.05,0.03,4.41,4.0,1.36,1.0,1.74,5.3,2.95,1131.0,1.0,-0.01,0.01,23.23
-0.01,0.01,0.01,0.02,1.0,1.02,91.63,17.39,10.18,12.59,17.98,38.67,20.12,13.51,-1.83,6.76,6.27,2.26,1.0,0.41,2.39,2.35,1169.0,1.0,-0.01,0.01,23.72
0.0,0.0,0.01,0.01,1.0,1.01,96.64,28.27,13.86,16.38,21.36,45.79,28.3,18.75,19.29,8.53,8.92,3.2,1.0,0.85,5.71,0.89,1199.0,1.0,-0.01,0.01,24.21
-0.0,0.0,0.01,0.01,1.0,1.01,91.69,21.65,16.56,19.22,25.55,50.41,30.69,22.49,1.24,9.79,10.16,3.76,1.0,0.24,2.8,0.65,1240.0,1.0,-0.01,0.01,24.7
